Name,Code,Barcode Symbology,Brand,Category Code,Unit Code,Sale Unit Code, Purchase Unit Code,Cost,Price,Alert Quantity, Tax Rate Name,Tax Method,Image,Subcategory Code,Product Variants Separated by |,Custom Field 1,Custom Field 2,Custom Field 3,Custom Field 4,Custom Field 5,Custom Field 6
NDOVU NGANO 1KG,PR-11,code128,Guess,101,pkt,pkt,dozen,90,100,20,No Tax,exclusive,no_image.png,,Red|Blue|Black|White,CF1,CF2,CF3,CF4,CF5,CF6
NDOVU NGANO  2KG,,,,,,,,,,,,,,,,,,,,,
NDOVU UGALI  1KG,,,,,,,,,,,,,,,,,,,,,
NDOVU UGALI  2KG,,,,,,,,,,,,,,,,,,,,,
PEMBE NGANO 1KG,,,,,,,,,,,,,,,,,,,,,
PEMBE NGANO 2KG,,,,,,,,,,,,,,,,,,,,,
PEMBE UGALI  1KG,,,,,,,,,,,,,,,,,,,,,
PEMBE UGALI  2KG,,,,,,,,,,,,,,,,,,,,,
EXE ALL PURPOSE  2KG,,,,,,,,,,,,,,,,,,,,,
EXE ALL PURPOSE  1KG,,,,,,,,,,,,,,,,,,,,,
EXE H/B   2KG,,,,,,,,,,,,,,,,,,,,,
EXE MANDAZI  2KG,,,,,,,,,,,,,,,,,,,,,
EXE MANDAZI  1KG,,,,,,,,,,,,,,,,,,,,,
EXE SELF-RAISING  2KG,,,,,,,,,,,,,,,,,,,,,
EXE SELF-RAISING  1KG,,,,,,,,,,,,,,,,,,,,,
SOKO UGALI  1KG,,,,,,,,,,,,,,,,,,,,,
SOKO UGALI  2KG,,,,,,,,,,,,,,,,,,,,,
SOKO UGALI   BAG,,,,,,,,,,,,,,,,,,,,,
SOKO UGALI  10KG BAG,,,,,,,,,,,,,,,,,,,,,
MAMA MAIZE MEAL 2KG,,,,,,,,,,,,,,,,,,,,,
MAMA MAIZE MEAL 1KG,,,,,,,,,,,,,,,,,,,,,
NYUMBANI UNGA  2KG,,,,,,,,,,,,,,,,,,,,,
NYUMBANI UNGA  2KG,,,,,,,,,,,,,,,,,,,,,
NYUMBANI UNGA  90KG BAG,,,,,,,,,,,,,,,,,,,,,
JOGOO  2KG,,,,,,,,,,,,,,,,,,,,,
JOGOO  2KG,,,,,,,,,,,,,,,,,,,,,
MAYCORN  2KG,,,,,,,,,,,,,,,,,,,,,
MAYCORN  1KG,,,,,,,,,,,,,,,,,,,,,
SNOWLINE INFANT 400G,,,,,,,,,,,,,,,,,,,,,
SNOWLINE WIMBI MIX  400G,,,,,,,,,,,,,,,,,,,,,
FAMILA  1KG,,,,,,,,,,,,,,,,,,,,,
ATTA MARK 1KG,,,,,,,,,,,,,,,,,,,,,
ATTA MARK 2KG,,,,,,,,,,,,,,,,,,,,,
DOLA NGANO  2KG,,,,,,,,,,,,,,,,,,,,,
DOLA NGANO  1kg,,,,,,,,,,,,,,,,,,,,,
UNGA MAMA BAG,,,,,,,,,,,,,,,,,,,,,
BASMATI  BAG,,,,,,,,,,,,,,,,,,,,,
SINDANO,,,,,,,,,,,,,,,,,,,,,
MWEA PISHORI 25KG BAG,,,,,,,,,,,,,,,,,,,,,
SUGAR  BAG,,,,,,,,,,,,,,,,,,,,,
KABRAS SUGAR 1KG,,,,,,,,,,,,,,,,,,,,,
DAWATI SPAGETI 400G,,,,,,,,,,,,,,,,,,,,,
ELVIA SPAGHETTI 400G,,,,,,,,,,,,,,,,,,,,,
NOODLES  120G,,,,,,,,,,,,,,,,,,,,,
SANTA LUCIA 500G,,,,,,,,,,,,,,,,,,,,,
SANTA LUCIA 400G,,,,,,,,,,,,,,,,,,,,,
BITES,,,,,,,,,,,,,,,,,,,,,
BRITANIA,,,,,,,,,,,,,,,,,,,,,
CAD CHOCOLATE 37G,,,,,,,,,,,,,,,,,,,,,
CAD CHOCOLATE 80G,,,,,,,,,,,,,,,,,,,,,
CAD CHOCOLATE 11G,,,,,,,,,,,,,,,,,,,,,
EGGS,,,,,,,,,,,,,,,,,,,,,
GINGER NUT BISCUIT,,,,,,,,,,,,,,,,,,,,,
GLUCOSE BISCUITS,,,,,,,,,,,,,,,,,,,,,
JAMBO BISCUITS,,,,,,,,,,,,,,,,,,,,,
KINGSMIL BREAD 400G,,,,,,,,,,,,,,,,,,,,,
MILKY BISCUITS,,,,,,,,,,,,,,,,,,,,,
NUVITA 75G,,,,,,,,,,,,,,,,,,,,,
POTATO CRISPS,,,,,,,,,,,,,,,,,,,,,
SOSSI  45G,,,,,,,,,,,,,,,,,,,,,
SOSSI 90G,,,,,,,,,,,,,,,,,,,,,
SOSSI MINCE  90G,,,,,,,,,,,,,,,,,,,,,
SOSSI MINCE  45G,,,,,,,,,,,,,,,,,,,,,
TAMU TAMU,,,,,,,,,,,,,,,,,,,,,
WAFER,,,,,,,,,,,,,,,,,,,,,
WEETABIX  225G,,,,,,,,,,,,,,,,,,,,,
WEETABIX  112G,,,,,,,,,,,,,,,,,,,,,
WEETABIX 37G,,,,,,,,,,,,,,,,,,,,,
NYOTA,,,,,,,,,,,,,,,,,,,,,
PACKING PAPERS,,,,,,,,,,,,,,,,,,,,,
CROWN,,,,,,,,,,,,,,,,,,,,,
DOLPHIN,,,,,,,,,,,,,,,,,,,,,
KWIK BRITE,,,,,,,,,,,,,,,,,,,,,
NGARISHA  15G,,,,,,,,,,,,,,,,,,,,,
NGARISHA  75G,,,,,,,,,,,,,,,,,,,,,
A.P.C,,,,,,,,,,,,,,,,,,,,,
ACTAL TUMS,,,,,,,,,,,,,,,,,,,,,
ACTION,,,,,,,,,,,,,,,,,,,,,
ENO,,,,,,,,,,,,,,,,,,,,,
HEDEX,,,,,,,,,,,,,,,,,,,,,
KALUMA,,,,,,,,,,,,,,,,,,,,,
MARA MOJA,,,,,,,,,,,,,,,,,,,,,
PANADOL ADVANCE,,,,,,,,,,,,,,,,,,,,,
PANADOL EXTRA,,,,,,,,,,,,,,,,,,,,,
ROBB 4ML,,,,,,,,,,,,,,,,,,,,,
STREPSILS,,,,,,,,,,,,,,,,,,,,,
AQUACHIL WATER,,,,,,,,,,,,,,,,,,,,,
MAISHA WATER 1 LTR,,,,,,,,,,,,,,,,,,,,,
AFIA  300ML,,,,,,,,,,,,,,,,,,,,,
AFIA 500ML,,,,,,,,,,,,,,,,,,,,,
FRUITSANA JUICE 300ML,,,,,,,,,,,,,,,,,,,,,
HIGHLAND PINEAPPLE 1 LTR*,,,,,,,,,,,,,,,,,,,,,
MINUTE MAID JUICE  500ML,,,,,,,,,,,,,,,,,,,,,
QUENCHER RTD  200ML,,,,,,,,,,,,,,,,,,,,,
RIBENA BOTTLED 300ML,,,,,,,,,,,,,,,,,,,,,
RIBENA BOTTLED  600ML,,,,,,,,,,,,,,,,,,,,,
TREE TOP DTT 2 LTR,,,,,,,,,,,,,,,,,,,,,
TREE TOP DTT 1 LTR,,,,,,,,,,,,,,,,,,,,,
TREE TOP RTD  330ML,,,,,,,,,,,,,,,,,,,,,
TREE TOP RTD  330ML,,,,,,,,,,,,,,,,,,,,,
TUNDA JUCE  300ML,,,,,,,,,,,,,,,,,,,,,
U FRESH BIG  80G,,,,,,,,,,,,,,,,,,,,,
U FRESH SMALL  80G,,,,,,,,,,,,,,,,,,,,,
BAAZI BAG,,,,,,,,,,,,,,,,,,,,,
KAMANDE BAG,,,,,,,,,,,,,,,,,,,,,
KUNDE,,,,,,,,,,,,,,,,,,,,,
MWITEMANIA,,,,,,,,,,,,,,,,,,,,,
NDENGU MAKUENI,,,,,,,,,,,,,,,,,,,,,
NDENGU NYLON,,,,,,,,,,,,,,,,,,,,,
NJAHI,,,,,,,,,,,,,,,,,,,,,
NYAYO BEANS,,,,,,,,,,,,,,,,,,,,,
ROSE COCO BEANS,,,,,,,,,,,,,,,,,,,,,
WAIRIMU BEANS,,,,,,,,,,,,,,,,,,,,,
WESTERN NDENGU,,,,,,,,,,,,,,,,,,,,,
YELLOW BEANS,,,,,,,,,,,,,,,,,,,,,
DAIMA MILK 500ML,,,,,,,,,,,,,,,,,,,,,
DAIMA YOGHURT 150G,,,,,,,,,,,,,,,,,,,,,
DAIMA YOGHURT 200G,,,,,,,,,,,,,,,,,,,,,
DAIMA YOGHURT 12*250G,,,,,,,,,,,,,,,,,,,,,
DAIMA YOGHURT 500G,,,,,,,,,,,,,,,,,,,,,
FRESHA MILK 500ML,,,,,,,,,,,,,,,,,,,,,
FRESHMARK YOGHURT  100ML,,,,,,,,,,,,,,,,,,,,,
FRESHMARK YOGHURT 150ML,,,,,,,,,,,,,,,,,,,,,
FRESHMARK YOGHURT 250ML,,,,,,,,,,,,,,,,,,,,,
FRESHMARK YOGHURT  500ML,,,,,,,,,,,,,,,,,,,,,
MT FRESH YOGHURT  150ML,,,,,,,,,,,,,,,,,,,,,
MT FRESH YOGHURT  500ML,,,,,,,,,,,,,,,,,,,,,
MT FRESH YOGHURT 250ML,,,,,,,,,,,,,,,,,,,,,
MT KENYA MILK 300ML,,,,,,,,,,,,,,,,,,,,,
MT KENYA MILK 500ML,,,,,,,,,,,,,,,,,,,,,
PLASTIC SODA  2LTRS*,,,,,,,,,,,,,,,,,,,,,
PLASTIC SODA 1.25LTRs,,,,,,,,,,,,,,,,,,,,,
PLASTIC SODA  500ML,,,,,,,,,,,,,,,,,,,,,
PLASTIC SODA  350ML,,,,,,,,,,,,,,,,,,,,,
NOVIDA  SODA  1 LTR,,,,,,,,,,,,,,,,,,,,,
NOVIDA  SODA 500ML,,,,,,,,,,,,,,,,,,,,,
NOVIDA  SODA 300ML,,,,,,,,,,,,,,,,,,,,,
OLIVE  SODA  1 LTR,,,,,,,,,,,,,,,,,,,,,
OLIVE  SODA 500ML,,,,,,,,,,,,,,,,,,,,,
OLIVE  SODA 300ML,,,,,,,,,,,,,,,,,,,,,
FRESH YELLOW,,,,,,,,,,,,,,,,,,,,,
CREAMY YOGHURT SMALL,,,,,,,,,,,,,,,,,,,,,
CREAMY YOGHURT BIG,,,,,,,,,,,,,,,,,,,,,
MR BERRY,,,,,,,,,,,,,,,,,,,,,
FRESH,,,,,,,,,,,,,,,,,,,,,
FAN ORANGE,,,,,,,,,,,,,,,,,,,,,
MR BOOM,,,,,,,,,,,,,,,,,,,,,
KENAFRIC,,,,,,,,,,,,,,,,,,,,,
TROPICAL 1KG,,,,,,,,,,,,,,,,,,,,,
TROPICAL 500G,,,,,,,,,,,,,,,,,,,,,
KOO,,,,,,,,,,,,,,,,,,,,,
PATCO 1KG,,,,,,,,,,,,,,,,,,,,,
PATCO 500G,,,,,,,,,,,,,,,,,,,,,
TOFFEES,,,,,,,,,,,,,,,,,,,,,
PK BLUE,,,,,,,,,,,,,,,,,,,,,
BIG DADDY,,,,,,,,,,,,,,,,,,,,,
TICTAC 170G,,,,,,,,,,,,,,,,,,,,,
DOUBLE MINT,,,,,,,,,,,,,,,,,,,,,
BIG G,,,,,,,,,,,,,,,,,,,,,
CEST BON,,,,,,,,,,,,,,,,,,,,,
WORLDCUP SWEETS,,,,,,,,,,,,,,,,,,,,,
MINT CHEWING GUM,,,,,,,,,,,,,,,,,,,,,
ECLAIRS,,,,,,,,,,,,,,,,,,,,,
SELFIE,,,,,,,,,,,,,,,,,,,,,
TED/JERRY L/C,,,,,,,,,,,,,,,,,,,,,
JUICE DROPS,,,,,,,,,,,,,,,,,,,,,
TWIST MINT,,,,,,,,,,,,,,,,,,,,,
DR CHOCOLATE 20G,,,,,,,,,,,,,,,,,,,,,
DR CHOCOLATE 90G,,,,,,,,,,,,,,,,,,,,,
DR CHOCOLATE 125G,,,,,,,,,,,,,,,,,,,,,
COCO 20G,,,,,,,,,,,,,,,,,,,,,
COCOA 90G Jar,,,,,,,,,,,,,,,,,,,,,
RAHA 10G,,,,,,,,,,,,,,,,,,,,,
RAHA 20G,,,,,,,,,,,,,,,,,,,,,
RAHA 100G,,,,,,,,,,,,,,,,,,,,,
RAHA 100G,,,,,,,,,,,,,,,,,,,,,
KETEPA  5G,,,,,,,,,,,,,,,,,,,,,
KETEPA  15G,,,,,,,,,,,,,,,,,,,,,
KETEPA  50G,,,,,,,,,,,,,,,,,,,,,
KETEPA  100G,,,,,,,,,,,,,,,,,,,,,
HOME COMFORTS TEA 500G,,,,,,,,,,,,,,,,,,,,,
HOME COMFORTS TEA 250G,,,,,,,,,,,,,,,,,,,,,
HOME COMFORTS TEA 100G,,,,,,,,,,,,,,,,,,,,,
HOME COMFORT TEA 50G,,,,,,,,,,,,,,,,,,,,,
HOME COMFORT TEA 15G,,,,,,,,,,,,,,,,,,,,,
MARAMBA TEA 15G,,,,,,,,,,,,,,,,,,,,,
MARAMBA TEA 25G,,,,,,,,,,,,,,,,,,,,,
MARAMBA TEA 50G,,,,,,,,,,,,,,,,,,,,,
TANGAWIZI CHAI 25,,,,,,,,,,,,,,,,,,,,,
BARAKA CHAI 15G,,,,,,,,,,,,,,,,,,,,,
BARAKA CHAI 50G,,,,,,,,,,,,,,,,,,,,,
BARAKA CHAI 100G,,,,,,,,,,,,,,,,,,,,,
NESCAFE  1.6G,,,,,,,,,,,,,,,,,,,,,
NESCAFE 50G,,,,,,,,,,,,,,,,,,,,,
KAHAWA NO.1  34G,,,,,,,,,,,,,,,,,,,,,
COLGATE 10ML,,,,,,,,,,,,,,,,,,,,,
COLGATE  25ML,,,,,,,,,,,,,,,,,,,,,
COLGATE  50ML,,,,,,,,,,,,,,,,,,,,,
COLGATE  100ML,,,,,,,,,,,,,,,,,,,,,
COLGATE HERBAL 50ML,,,,,,,,,,,,,,,,,,,,,
COLGATE HERBAL  25ML,,,,,,,,,,,,,,,,,,,,,
CLOSE UP  60ML,,,,,,,,,,,,,,,,,,,,,
COLGATE TOOTHBRUSH,,,,,,,,,,,,,,,,,,,,,
ORAL MAX TOOTHBRUSH,,,,,,,,,,,,,,,,,,,,,
TOOTHPICK,,,,,,,,,,,,,,,,,,,,,
KNORR CUBE,,,,,,,,,,,,,,,,,,,,,
ROYCO CUBE,,,,,,,,,,,,,,,,,,,,,
ROYCO CHICKEN  12G,,,,,,,,,,,,,,,,,,,,,
ROYCO BEEF  12G,,,,,,,,,,,,,,,,,,,,,
KEN TOMATO SAUCE  400G,,,,,,,,,,,,,,,,,,,,,
OYO MCHUZI MIX 12G,,,,,,,,,,,,,,,,,,,,,
TOMATO PASTE 400G,,,,,,,,,,,,,,,,,,,,,
ROYCO BEEF  200G JARS,,,,,,,,,,,,,,,,,,,,,
ROYCO BEEF  70G  SACHETS,,,,,,,,,,,,,,,,,,,,,
TOMATO PASTE  50G SACHETS,,,,,,,,,,,,,,,,,,,,,
TOMATO PASTE  70G  SACHET,,,,,,,,,,,,,,,,,,,,,
KEVIAN TOMATO SAUCE 400G,,,,,,,,,,,,,,,,,,,,,
KENYLON T. PASTE  450G,,,,,,,,,,,,,,,,,,,,,
KENYLON T. PASTE  100G  SACHETS,,,,,,,,,,,,,,,,,,,,,
JAMAA BIG  800G,,,,,,,,,,,,,,,,,,,,,
JAMAA SMALL   800G,,,,,,,,,,,,,,,,,,,,,
MENENGAI 800G BAR,,,,,,,,,,,,,,,,,,,,,
MENENGAI 1KG BAR,,,,,,,,,,,,,,,,,,,,,
WHITE WASH BAR SMALL  800G BAR,,,,,,,,,,,,,,,,,,,,,
WHITE WASH  200G TAB,,,,,,,,,,,,,,,,,,,,,
WHITE WASH BAR BIG 800G BAR,,,,,,,,,,,,,,,,,,,,,
WHITE STAR 800G,,,,,,,,,,,,,,,,,,,,,
SUNLIGHT BAR  700G BAR,,,,,,,,,,,,,,,,,,,,,
GEISHA   225G,,,,,,,,,,,,,,,,,,,,,
GEISHA  100G,,,,,,,,,,,,,,,,,,,,,
SUNLIGHT  20G,,,,,,,,,,,,,,,,,,,,,
SUNLIGHT 40G,,,,,,,,,,,,,,,,,,,,,
SUNLIGHT  100G,,,,,,,,,,,,,,,,,,,,,
SUNLIGHT  200G,,,,,,,,,,,,,,,,,,,,,
SUNLIGHT  500G,,,,,,,,,,,,,,,,,,,,,
SUNLIGHT  1KG,,,,,,,,,,,,,,,,,,,,,
SUNLIGHT TABLET 50G,,,,,,,,,,,,,,,,,,,,,
SUNLIGHT TABLET 80G,,,,,,,,,,,,,,,,,,,,,
SUNLIGHT TABLET  175G,,,,,,,,,,,,,,,,,,,,,
SAWA SOAP  250G PC,,,,,,,,,,,,,,,,,,,,,
SAWA SOAP  125G,,,,,,,,,,,,,,,,,,,,,
FLAMINGO SOAP  90G,,,,,,,,,,,,,,,,,,,,,
FLAMINGO SOAP  215G,,,,,,,,,,,,,,,,,,,,,
POPCO SOAP  600G,,,,,,,,,,,,,,,,,,,,,
ARIEL 45G*12,,,,,,,,,,,,,,,,,,,,,
ARIEL 100G*12,,,,,,,,,,,,,,,,,,,,,
ARIEL  200G*12,,,,,,,,,,,,,,,,,,,,,
ARIEL 500G,,,,,,,,,,,,,,,,,,,,,
ARIEL 1KG,,,,,,,,,,,,,,,,,,,,,
OMO 22G,,,,,,,,,,,,,,,,,,,,,
OMO  45G,,,,,,,,,,,,,,,,,,,,,
OMO  100G,,,,,,,,,,,,,,,,,,,,,
OMO  200G,,,,,,,,,,,,,,,,,,,,,
OMO 500G,,,,,,,,,,,,,,,,,,,,,
OMO 1KG,,,,,,,,,,,,,,,,,,,,,
USHINDI 175G,,,,,,,,,,,,,,,,,,,,,
USHINDI SACHET 25G,,,,,,,,,,,,,,,,,,,,,
USHINDI POWDER 200G,,,,,,,,,,,,,,,,,,,,,
TOPEX BLEACH  70ML,,,,,,,,,,,,,,,,,,,,,
TOPEX  250ML,,,,,,,,,,,,,,,,,,,,,
BLUE BAND 30G,,,,,,,,,,,,,,,,,,,,,
BLUE BAND 100G,,,,,,,,,,,,,,,,,,,,,
BLUE BAND 300G,,,,,,,,,,,,,,,,,,,,,
BLUE BAND 500G,,,,,,,,,,,,,,,,,,,,,
BLUE BAND CREAM 500G PC,,,,,,,,,,,,,,,,,,,,,
BLUE BAND  1KG*,,,,,,,,,,,,,,,,,,,,,
ZESTA JAM 500G,,,,,,,,,,,,,,,,,,,,,
ZESTZ JAM 300G,,,,,,,,,,,,,,,,,,,,,
ZESTA JAM  100G,,,,,,,,,,,,,,,,,,,,,
ZESTA JAM 200G,,,,,,,,,,,,,,,,,,,,,
CHAPA MANDAZI,,,,,,,,,,,,,,,,,,,,,
BAKING POWDER,,,,,,,,,,,,,,,,,,,,,
MOSQUITO COIL,,,,,,,,,,,,,,,,,,,,,
STRAW,,,,,,,,,,,,,,,,,,,,,
GOLDEN LION,,,,,,,,,,,,,,,,,,,,,
STOVE WICK SMALL,,,,,,,,,,,,,,,,,,,,,
EXERCISE BOOKS 32 pages,,,,,,,,,,,,,,,,,,,,,
GILLETTE,,,,,,,,,,,,,,,,,,,,,
NACET,,,,,,,,,,,,,,,,,,,,,
TREET 11 R/Y,,,,,,,,,,,,,,,,,,,,,
SKINMATE CARD,,,,,,,,,,,,,,,,,,,,,
STOVE WICK BIG,,,,,,,,,,,,,,,,,,,,,
EVEREADY AA RED,,,,,,,,,,,,,,,,,,,,,
EVEREADY AAA RED,,,,,,,,,,,,,,,,,,,,,
EMPTY JERICAN 20 LTRS,,,,,,,,,,,,,,,,,,,,,
HANDKERCHIEF,,,,,,,,,,,,,,,,,,,,,
SUPER GLUE 10G,,,,,,,,,,,,,,,,,,,,,
SUPER GLUE 2G,,,,,,,,,,,,,,,,,,,,,
SUMO CANDLE,,,,,,,,,,,,,,,,,,,,,
HOMELIGHT CANDLES,,,,,,,,,,,,,,,,,,,,,
UFUTA 3LTR,,,,,,,,,,,,,,,,,,,,,
UFUTA 2LTR,,,,,,,,,,,,,,,,,,,,,
UFUTA 1LTR,,,,,,,,,,,,,,,,,,,,,
TILLY WHITE 10KG FAT CAN,,,,,,,,,,,,,,,,,,,,,
SEAGUL,,,,,,,,,,,,,,,,,,,,,
SALIT 20LTRS JERICAN,,,,,,,,,,,,,,,,,,,,,
RINA OIL 10 LTR JERICAN,,,,,,,,,,,,,,,,,,,,,
RINA OIL 5LTR JAR,,,,,,,,,,,,,,,,,,,,,
RINA OIL 3LTR JAR,,,,,,,,,,,,,,,,,,,,,
RINA OIL 2LTR JAR,,,,,,,,,,,,,,,,,,,,,
RINA OIL 1LTR JAR,,,,,,,,,,,,,,,,,,,,,
RINA OIL 500ML JAR,,,,,,,,,,,,,,,,,,,,,
RINA OIL 300ML  JAR,,,,,,,,,,,,,,,,,,,,,
PIKA 20LTR  GM,,,,,,,,,,,,,,,,,,,,,
KASUKU 500G,,,,,,,,,,,,,,,,,,,,,
KASUKU 250G,,,,,,,,,,,,,,,,,,,,,
KASUKU  100G,,,,,,,,,,,,,,,,,,,,,
KASUKU 50G,,,,,,,,,,,,,,,,,,,,,
HALISI OIL 20 LTR JERICAN,,,,,,,,,,,,,,,,,,,,,
HALISI OIL 10 LTR JERICAN,,,,,,,,,,,,,,,,,,,,,
FRY MATE 5KG,,,,,,,,,,,,,,,,,,,,,
FRY MATE 10KG,,,,,,,,,,,,,,,,,,,,,
FRESH FRI 5LTR,,,,,,,,,,,,,,,,,,,,,
FRESH FRI 5LTR JAR,,,,,,,,,,,,,,,,,,,,,
FRESH FRI 3LTR,,,,,,,,,,,,,,,,,,,,,
FRESH FRI 3LTR JAR,,,,,,,,,,,,,,,,,,,,,
FRESH FRI 2LTR,,,,,,,,,,,,,,,,,,,,,
FRESH FRI 2LTR JAR,,,,,,,,,,,,,,,,,,,,,
FRESH FRI 1LTR,,,,,,,,,,,,,,,,,,,,,
FRESH FRI 500ML,,,,,,,,,,,,,,,,,,,,,
FRESH FRI 250ML,,,,,,,,,,,,,,,,,,,,,
ELIANTO 3LTR,,,,,,,,,,,,,,,,,,,,,
PHILIPS BULB 100W,,,,,,,,,,,,,,,,,,,,,
PHILIPS BULB  60W,,,,,,,,,,,,,,,,,,,,,
DRAGON MHS 10,,,,,,,,,,,,,,,,,,,,,
DRAGON 2U,,,,,,,,,,,,,,,,,,,,,
DRAGON 3U,,,,,,,,,,,,,,,,,,,,,
KEN SALT 200G,,,,,,,,,,,,,,,,,,,,,
KEN SALT 500G,,,,,,,,,,,,,,,,,,,,,
KEN SALT 1KG,,,,,,,,,,,,,,,,,,,,,
KEN SALT 2KG,,,,,,,,,,,,,,,,,,,,,
GLUCOSE,,,,,,,,,,,,,,,,,,,,,
ENERGADE GLUCOSE 50G,,,,,,,,,,,,,,,,,,,,,
LUCOZADE  250ML,,,,,,,,,,,,,,,,,,,,,
LUCOZADE BOTTLED  600ML,,,,,,,,,,,,,,,,,,,,,
LUCOZADE BOTTLED 300ML,,,,,,,,,,,,,,,,,,,,,
RHINO KUBWA,,,,,,,,,,,,,,,,,,,,,
RHINO NDOGO,,,,,,,,,,,,,,,,,,,,,
AIR SCENT 200ML,,,,,,,,,,,,,,,,,,,,,
BELLA JUMBO TISSUE,,,,,,,,,,,,,,,,,,,,,
BELLA TISSUE,,,,,,,,,,,,,,,,,,,,,
DAWN JUMBO,,,,,,,,,,,,,,,,,,,,,
HANAN TISSUE,,,,,,,,,,,,,,,,,,,,,
LUCAO,,,,,,,,,,,,,,,,,,,,,
NICE EFFECT TISSUE,,,,,,,,,,,,,,,,,,,,,
PEKEE,,,,,,,,,,,,,,,,,,,,,
TOILEX,,,,,,,,,,,,,,,,,,,,,
TULIP,,,,,,,,,,,,,,,,,,,,,
ARIMIS 50G,,,,,,,,,,,,,,,,,,,,,
BABY CARE  55G,,,,,,,,,,,,,,,,,,,,,
BABY CARE 100G,,,,,,,,,,,,,,,,,,,,,
FAIR AND LOVELY CREAM 9G,,,,,,,,,,,,,,,,,,,,,
GLYCERINE  30ML,,,,,,,,,,,,,,,,,,,,,
GLYCERINE  50ML,,,,,,,,,,,,,,,,,,,,,
JOHNSON B/JELLY PURE 100ML,,,,,,,,,,,,,,,,,,,,,
JOHNSON B/JELLY SCENTED 100ML,,,,,,,,,,,,,,,,,,,,,
JOHNSON B/OIL 50ML,,,,,,,,,,,,,,,,,,,,,
JOHNSON B/POWDER 50G,,,,,,,,,,,,,,,,,,,,,
JOHNSON B/SOAP LOTION 100G,,,,,,,,,,,,,,,,,,,,,
JOHNSON B/SOAP REGULAR 100G,,,,,,,,,,,,,,,,,,,,,
VALON BLUE 25G,,,,,,,,,,,,,,,,,,,,,
VALON BLUE  50G,,,,,,,,,,,,,,,,,,,,,
VALON BLUE  100G,,,,,,,,,,,,,,,,,,,,,
VALON BLUE 200G,,,,,,,,,,,,,,,,,,,,,
VALON GREEN 25G,,,,,,,,,,,,,,,,,,,,,
VALON GREEN 50G,,,,,,,,,,,,,,,,,,,,,
VASELINE 25ML,,,,,,,,,,,,,,,,,,,,,
VASELINE 50ML,,,,,,,,,,,,,,,,,,,,,
VASELINE 100ML,,,,,,,,,,,,,,,,,,,,,
VASELINE 250ML PC,,,,,,,,,,,,,,,,,,,,,
VENUS BODY LOTION 100ML,,,,,,,,,,,,,,,,,,,,,
SAFARICOM 100SH,,,,,,,,,,,,,,,,,,,,,
SAFARICOM 50SH,,,,,,,,,,,,,,,,,,,,,
SAFARICOM 20SH,,,,,,,,,,,,,,,,,,,,,
AIRTEL 100SH CARD,,,,,,,,,,,,,,,,,,,,,
AIRTEL 50SH,,,,,,,,,,,,,,,,,,,,,
AIRTEL 20SH,,,,,,,,,,,,,,,,,,,,,
AIRTEL10SH,,,,,,,,,,,,,,,,,,,,,
KIWI 15ML,,,,,,,,,,,,,,,,,,,,,
KIWI 25ML,,,,,,,,,,,,,,,,,,,,,
KIWI 40ML,,,,,,,,,,,,,,,,,,,,,
KIWI DACTAN 15ML,,,,,,,,,,,,,,,,,,,,,
KIWI  100ML,,,,,,,,,,,,,,,,,,,,,
ALWAYS,,,,,,,,,,,,,,,,,,,,,
ALWAYS MAXI,,,,,,,,,,,,,,,,,,,,,
ALWAYS TWIN PACK,,,,,,,,,,,,,,,,,,,,,
BABY JOY DIAPERS,,,,,,,,,,,,,,,,,,,,,
BOUNCY DIAPERS,,,,,,,,,,,,,,,,,,,,,
HAPPY KID H/C,,,,,,,,,,,,,,,,,,,,,
HAPPY KID L/C,,,,,,,,,,,,,,,,,,,,,
PAMPERS H/C,,,,,,,,,,,,,,,,,,,,,
PAMPERS H/C MAXI,,,,,,,,,,,,,,,,,,,,,
PAMPERS JUNIOR,,,,,,,,,,,,,,,,,,,,,
PAMPERS MAXI,,,,,,,,,,,,,,,,,,,,,
PAMPERS MIDI,,,,,,,,,,,,,,,,,,,,,
PAMPERS MINI,,,,,,,,,,,,,,,,,,,,,
PHONIX DIAPERS H/C,,,,,,,,,,,,,,,,,,,,,
SNAGGY MAX,,,,,,,,,,,,,,,,,,,,,
SNAGGY MID,,,,,,,,,,,,,,,,,,,,,
SNAGGY MINI,,,,,,,,,,,,,,,,,,,,,
SOFY PADS,,,,,,,,,,,,,,,,,,,,,
STAY FREE,,,,,,,,,,,,,,,,,,,,,
SUNNY GIRL,,,,,,,,,,,,,,,,,,,,,
TED/JERRY MAXI,,,,,,,,,,,,,,,,,,,,,
TED/JERRY MIDI,,,,,,,,,,,,,,,,,,,,,
TED/JERRY MINI,,,,,,,,,,,,,,,,,,,,,
ZANEAL ASSORTED,,,,,,,,,,,,,,,,,,,,,
ZANEAL H/C,,,,,,,,,,,,,,,,,,,,,
ZANEAL L/C,,,,,,,,,,,,,,,,,,,,,
ROSSY SERVIETS,,,,,,,,,,,,,,,,,,,,,
HANAN COTTON BUDS,,,,,,,,,,,,,,,,,,,,,
HANAN SERVIETS,,,,,,,,,,,,,,,,,,,,,
HANAN POCKET WIPES,,,,,,,,,,,,,,,,,,,,,
DETTOL SOAP 60G,,,,,,,,,,,,,,,,,,,,,
DETTOL SOAP  90G,,,,,,,,,,,,,,,,,,,,,
DETTOL LIQ  50M,,,,,,,,,,,,,,,,,,,,,
DETTOL LIQ  125ML,,,,,,,,,,,,,,,,,,,,,
SALVLON 75ML,,,,,,,,,,,,,,,,,,,,,